parent_id,document_id,content
7d09d047-2858-43c4-bf8b-d40519129087,1fe99400-06e1-4964-956b-3861687e7da4,"AI Platform Roadmap
Search Infrastructure
Retrieval Systems
Deployment Roadmap
Vector search infrastructure rollout.
Search latency improved significantly.
New indexing pipeline deployed.
Hybrid retrieval implementation.
Semantic search quality improved.
Knowledge base coverage expanded.
Cross encod"
a1c5bb38-4de7-4ca4-805a-7e3fc0419867,1fe99400-06e1-4964-956b-3861687e7da4,"er deployment planned.
Enterprise RAG platform launch Q3.
Agentic workflows under evaluation.
Component | Status
Vector Search | Production
Hybrid Retrieval | Testing
Cross Encoder | Planned
"
9cb41e2d-b979-4c89-a091-01db42c3748e,b638264b-b788-442e-a09d-19176466fba8,"Annual Financial Report 2026
Revenue Performance
Profitability
Cloud Division
Revenue reached $5.2 billion.
Revenue increased across all regions.
Subscription services contributed strongly.
Operating margin improved to 18%.
Cost optimization reduced expenses.
Free cash flow reached record levels.
Cl"
7cdee370-fba0-4bc7-9fe1-a39230162073,b638264b-b788-442e-a09d-19176466fba8,"oud division grew by 35%.
AI products generated record profits.
Enterprise customers expanded usage.
Region | Revenue
US | 2.1B
Europe | 1.7B
Asia | 1.4B
"
fd7bb5e1-9ec6-470a-8726-bbdc04fcc6dc,31516a79-2cf5-4080-ac66-66b338d6ebff,"Employee Benefits 2026
Health Insurance
Dental Benefits
Remote Work Policy
Health insurance coverage increased by 12%.
The company expanded hospitalization benefits.
Employees can now add dependents at reduced rates.
Dental insurance remains unchanged.
Preventive dental checkups remain fully covered"
4d127151-0af4-4b00-bdad-b66ad91aa656,31516a79-2cf5-4080-ac66-66b338d6ebff,".
Orthodontic coverage was extended for children.
Remote work allowance increased.
Employees may claim internet reimbursement.
Work-from-home equipment support continues.
Benefit | Coverage
Health Insurance | 12% Increase
Dental Insurance | No Change
Remote Work Allowance | Increased
"
