ticker,quarter,revenue_million,gross_margin_pct,operating_income_million,net_income_million,eps,earnings_call,risk_factors,mda_section,combined_text,clean_text,character_count,sentences,chunks
ABC,2023-Q1,120,58,22,16,1.2,"
        Demand remained strong across enterprise customers.
        We expect continued growth next quarter.
        Supply chain constraints are gradually easing.
        ","
        Inflation remains a concern.
        Global logistics costs remain elevated.
        ","
        Management believes demand trends remain healthy.
        Customer retention continues to improve.
        ","
        Demand remained strong across enterprise customers.
        We expect continued growth next quarter.
        Supply chain constraints are gradually easing.
         
        Inflation remains a concern.
        Global logistics costs remain elevated.
         
        Management believes demand trends remain healthy.
        Customer retention continues to improve.
        ",Demand remained strong across enterprise customers. We expect continued growth next quarter. Supply chain constraints are gradually easing. Inflation remains a concern. Global logistics costs remain elevated. Management believes demand trends remain healthy. Customer retention continues to improve.,299,"['Demand remained strong across enterprise customers.', 'We expect continued growth next quarter.', 'Supply chain constraints are gradually easing.', 'Inflation remains a concern.', 'Global logistics costs remain elevated.', 'Management believes demand trends remain healthy.', 'Customer retention continues to improve.']","['Demand remained strong across enterprise customers. We expect continued growth next quarter. Supply chain constraints are gradually easing.', 'Inflation remains a concern. Global logistics costs remain elevated. Management believes demand trends remain healthy.', 'Customer retention continues to improve.']"
ABC,2023-Q2,128,60,25,18,1.35,"
        Enterprise adoption accelerated.
        Pricing pressure has moderated.
        We expect strong momentum in Q3.
        ","
        Competitive pressure exists.
        Currency fluctuations may impact revenue.
        ","
        New product launches contributed positively.
        Pipeline remains healthy.
        ","
        Enterprise adoption accelerated.
        Pricing pressure has moderated.
        We expect strong momentum in Q3.
         
        Competitive pressure exists.
        Currency fluctuations may impact revenue.
         
        New product launches contributed positively.
        Pipeline remains healthy.
        ",Enterprise adoption accelerated. Pricing pressure has moderated. We expect strong momentum in Q3. Competitive pressure exists. Currency fluctuations may impact revenue. New product launches contributed positively. Pipeline remains healthy.,239,"['Enterprise adoption accelerated.', 'Pricing pressure has moderated.', 'We expect strong momentum in Q3.', 'Competitive pressure exists.', 'Currency fluctuations may impact revenue.', 'New product launches contributed positively.', 'Pipeline remains healthy.']","['Enterprise adoption accelerated. Pricing pressure has moderated. We expect strong momentum in Q3.', 'Competitive pressure exists. Currency fluctuations may impact revenue. New product launches contributed positively.', 'Pipeline remains healthy.']"
ABC,2023-Q3,138,61,28,21,1.52,"
        Customer demand exceeded expectations.
        Supply chain bottlenecks largely resolved.
        International expansion continues.
        ","
        Geopolitical uncertainty remains.
        Regulatory changes may affect operations.
        ","
        Strong customer growth across regions.
        Profitability improved significantly.
        ","
        Customer demand exceeded expectations.
        Supply chain bottlenecks largely resolved.
        International expansion continues.
         
        Geopolitical uncertainty remains.
        Regulatory changes may affect operations.
         
        Strong customer growth across regions.
        Profitability improved significantly.
        ",Customer demand exceeded expectations. Supply chain bottlenecks largely resolved. International expansion continues. Geopolitical uncertainty remains. Regulatory changes may affect operations. Strong customer growth across regions. Profitability improved significantly.,269,"['Customer demand exceeded expectations.', 'Supply chain bottlenecks largely resolved.', 'International expansion continues.', 'Geopolitical uncertainty remains.', 'Regulatory changes may affect operations.', 'Strong customer growth across regions.', 'Profitability improved significantly.']","['Customer demand exceeded expectations. Supply chain bottlenecks largely resolved. International expansion continues.', 'Geopolitical uncertainty remains. Regulatory changes may affect operations. Strong customer growth across regions.', 'Profitability improved significantly.']"
ABC,2023-Q4,150,63,32,24,1.72,"
        Record quarter performance.
        Management expects continued growth.
        Demand remains exceptionally strong.
        ","
        Macroeconomic slowdown remains possible.
        Talent acquisition costs continue rising.
        ","
        Revenue growth exceeded internal expectations.
        Operating leverage improved.
        ","
        Record quarter performance.
        Management expects continued growth.
        Demand remains exceptionally strong.
         
        Macroeconomic slowdown remains possible.
        Talent acquisition costs continue rising.
         
        Revenue growth exceeded internal expectations.
        Operating leverage improved.
        ",Record quarter performance. Management expects continued growth. Demand remains exceptionally strong. Macroeconomic slowdown remains possible. Talent acquisition costs continue rising. Revenue growth exceeded internal expectations. Operating leverage improved.,260,"['Record quarter performance.', 'Management expects continued growth.', 'Demand remains exceptionally strong.', 'Macroeconomic slowdown remains possible.', 'Talent acquisition costs continue rising.', 'Revenue growth exceeded internal expectations.', 'Operating leverage improved.']","['Record quarter performance. Management expects continued growth. Demand remains exceptionally strong.', 'Macroeconomic slowdown remains possible. Talent acquisition costs continue rising. Revenue growth exceeded internal expectations.', 'Operating leverage improved.']"
ABC,2024-Q1,158,62,34,26,1.85,"
        Strong start to the fiscal year driven by enterprise renewals.
        Investments in automation are beginning to pay off.
        Seasonality impacted sequential expansion slightly, but YoY trends remain robust.
        ","
        Increased cyber security threats require higher defensive spend.
        Labor market tightness may impact R&D delivery timelines.
        ","
        Gross margin slightly contracted due to upfront infrastructure investments.
        Operating cash flow remains healthy and aligned with projections.
        ","
        Strong start to the fiscal year driven by enterprise renewals.
        Investments in automation are beginning to pay off.
        Seasonality impacted sequential expansion slightly, but YoY trends remain robust.
         
        Increased cyber security threats require higher defensive spend.
        Labor market tightness may impact R&D delivery timelines.
         
        Gross margin slightly contracted due to upfront infrastructure investments.
        Operating cash flow remains healthy and aligned with projections.
        ","Strong start to the fiscal year driven by enterprise renewals. Investments in automation are beginning to pay off. Seasonality impacted sequential expansion slightly, but YoY trends remain robust. Increased cyber security threats require higher defensive spend. Labor market tightness may impact RD delivery timelines. Gross margin slightly contracted due to upfront infrastructure investments. Operating cash flow remains healthy and aligned with projections.",460,"['Strong start to the fiscal year driven by enterprise renewals.', 'Investments in automation are beginning to pay off.', 'Seasonality impacted sequential expansion slightly, but YoY trends remain robust.', 'Increased cyber security threats require higher defensive spend.', 'Labor market tightness may impact RD delivery timelines.', 'Gross margin slightly contracted due to upfront infrastructure investments.', 'Operating cash flow remains healthy and aligned with projections.']","['Strong start to the fiscal year driven by enterprise renewals. Investments in automation are beginning to pay off. Seasonality impacted sequential expansion slightly, but YoY trends remain robust.', 'Increased cyber security threats require higher defensive spend. Labor market tightness may impact RD delivery timelines. Gross margin slightly contracted due to upfront infrastructure investments.', 'Operating cash flow remains healthy and aligned with projections.']"
ABC,2024-Q2,167,64,38,29,2.05,"
        New AI-driven product modules saw record adoption rates.
        North American markets outperformed our internal forecasts.
        We are raising our full-year guidance based on current pipeline visibility.
        ","
        Intense competition in the mid-market segment could squeeze pricing.
        Foreign exchange headwinds may create minor revenue drag.
        ","
        Expansion of gross margin driven by favorable product mix shifts.
        Sales and marketing efficiency improved year-over-year.
        ","
        New AI-driven product modules saw record adoption rates.
        North American markets outperformed our internal forecasts.
        We are raising our full-year guidance based on current pipeline visibility.
         
        Intense competition in the mid-market segment could squeeze pricing.
        Foreign exchange headwinds may create minor revenue drag.
         
        Expansion of gross margin driven by favorable product mix shifts.
        Sales and marketing efficiency improved year-over-year.
        ",New AIdriven product modules saw record adoption rates. North American markets outperformed our internal forecasts. We are raising our fullyear guidance based on current pipeline visibility. Intense competition in the midmarket segment could squeeze pricing. Foreign exchange headwinds may create minor revenue drag. Expansion of gross margin driven by favorable product mix shifts. Sales and marketing efficiency improved yearoveryear.,436,"['New AIdriven product modules saw record adoption rates.', 'North American markets outperformed our internal forecasts.', 'We are raising our fullyear guidance based on current pipeline visibility.', 'Intense competition in the midmarket segment could squeeze pricing.', 'Foreign exchange headwinds may create minor revenue drag.', 'Expansion of gross margin driven by favorable product mix shifts.', 'Sales and marketing efficiency improved yearoveryear.']","['New AIdriven product modules saw record adoption rates. North American markets outperformed our internal forecasts. We are raising our fullyear guidance based on current pipeline visibility.', 'Intense competition in the midmarket segment could squeeze pricing. Foreign exchange headwinds may create minor revenue drag. Expansion of gross margin driven by favorable product mix shifts.', 'Sales and marketing efficiency improved yearoveryear.']"
ABC,2024-Q3,174,64,41,31,2.18,"
        European expansion is yielding solid initial returns despite local economic headwinds.
        Customer churn hit an all-time low this quarter.
        Strategic partnerships are expanding our addressable market.
        ","
        Evolving global data privacy laws could increase compliance costs.
        Macroeconomic softening in key European zones poses a growth risk.
        ","
        Operating margin expanded due to scale and cost containment strategies.
        Deferred revenue balances grew substantially, indicating strong future bookings.
        ","
        European expansion is yielding solid initial returns despite local economic headwinds.
        Customer churn hit an all-time low this quarter.
        Strategic partnerships are expanding our addressable market.
         
        Evolving global data privacy laws could increase compliance costs.
        Macroeconomic softening in key European zones poses a growth risk.
         
        Operating margin expanded due to scale and cost containment strategies.
        Deferred revenue balances grew substantially, indicating strong future bookings.
        ","European expansion is yielding solid initial returns despite local economic headwinds. Customer churn hit an alltime low this quarter. Strategic partnerships are expanding our addressable market. Evolving global data privacy laws could increase compliance costs. Macroeconomic softening in key European zones poses a growth risk. Operating margin expanded due to scale and cost containment strategies. Deferred revenue balances grew substantially, indicating strong future bookings.",482,"['European expansion is yielding solid initial returns despite local economic headwinds.', 'Customer churn hit an alltime low this quarter.', 'Strategic partnerships are expanding our addressable market.', 'Evolving global data privacy laws could increase compliance costs.', 'Macroeconomic softening in key European zones poses a growth risk.', 'Operating margin expanded due to scale and cost containment strategies.', 'Deferred revenue balances grew substantially, indicating strong future bookings.']","['European expansion is yielding solid initial returns despite local economic headwinds. Customer churn hit an alltime low this quarter. Strategic partnerships are expanding our addressable market.', 'Evolving global data privacy laws could increase compliance costs. Macroeconomic softening in key European zones poses a growth risk. Operating margin expanded due to scale and cost containment strategies.', 'Deferred revenue balances grew substantially, indicating strong future bookings.']"
ABC,2024-Q4,190,65,46,35,2.45,"
        An exceptional finish to 2024, crossing historical revenue thresholds.
        Enterprise multi-year deals accelerated significantly in December.
        We enter 2025 with strong fundamental momentum and high visibility.
        ","
        Potential shifts in corporate tax rates could impact net profitability.
        Heavy reliance on primary cloud infrastructure providers limits operational flexibility.
        ","
        Record annual performance driven by both new customer acquisition and expansion.
        The board has approved an expansion of our share buyback program reflecting capital strength.
        ","
        An exceptional finish to 2024, crossing historical revenue thresholds.
        Enterprise multi-year deals accelerated significantly in December.
        We enter 2025 with strong fundamental momentum and high visibility.
         
        Potential shifts in corporate tax rates could impact net profitability.
        Heavy reliance on primary cloud infrastructure providers limits operational flexibility.
         
        Record annual performance driven by both new customer acquisition and expansion.
        The board has approved an expansion of our share buyback program reflecting capital strength.
        ","An exceptional finish to 2024, crossing historical revenue thresholds. Enterprise multiyear deals accelerated significantly in December. We enter 2025 with strong fundamental momentum and high visibility. Potential shifts in corporate tax rates could impact net profitability. Heavy reliance on primary cloud infrastructure providers limits operational flexibility. Record annual performance driven by both new customer acquisition and expansion. The board has approved an expansion of our share buyback program reflecting capital strength.",540,"['An exceptional finish to 2024, crossing historical revenue thresholds.', 'Enterprise multiyear deals accelerated significantly in December.', 'We enter 2025 with strong fundamental momentum and high visibility.', 'Potential shifts in corporate tax rates could impact net profitability.', 'Heavy reliance on primary cloud infrastructure providers limits operational flexibility.', 'Record annual performance driven by both new customer acquisition and expansion.', 'The board has approved an expansion of our share buyback program reflecting capital strength.']","['An exceptional finish to 2024, crossing historical revenue thresholds. Enterprise multiyear deals accelerated significantly in December. We enter 2025 with strong fundamental momentum and high visibility.', 'Potential shifts in corporate tax rates could impact net profitability. Heavy reliance on primary cloud infrastructure providers limits operational flexibility. Record annual performance driven by both new customer acquisition and expansion.', 'The board has approved an expansion of our share buyback program reflecting capital strength.']"
ABC,2025-Q1,198,64,48,36,2.52,"
        We carried the strong closing momentum of last year into Q1.
        Professional services revenue saw an unexpected upside.
        Implementation timelines for major cloud migrations have shortened.
        ","
        Geopolitical trade restrictions could indirectly affect our hardware partners.
        Higher energy and cloud data center costs could pressure margins.
        ","
        Growth continues at a stable pace despite broader macroeconomic caution.
        The balance sheet remains unleveraged with strong liquidity.
        ","
        We carried the strong closing momentum of last year into Q1.
        Professional services revenue saw an unexpected upside.
        Implementation timelines for major cloud migrations have shortened.
         
        Geopolitical trade restrictions could indirectly affect our hardware partners.
        Higher energy and cloud data center costs could pressure margins.
         
        Growth continues at a stable pace despite broader macroeconomic caution.
        The balance sheet remains unleveraged with strong liquidity.
        ",We carried the strong closing momentum of last year into Q1. Professional services revenue saw an unexpected upside. Implementation timelines for major cloud migrations have shortened. Geopolitical trade restrictions could indirectly affect our hardware partners. Higher energy and cloud data center costs could pressure margins. Growth continues at a stable pace despite broader macroeconomic caution. The balance sheet remains unleveraged with strong liquidity.,463,"['We carried the strong closing momentum of last year into Q1.', 'Professional services revenue saw an unexpected upside.', 'Implementation timelines for major cloud migrations have shortened.', 'Geopolitical trade restrictions could indirectly affect our hardware partners.', 'Higher energy and cloud data center costs could pressure margins.', 'Growth continues at a stable pace despite broader macroeconomic caution.', 'The balance sheet remains unleveraged with strong liquidity.']","['We carried the strong closing momentum of last year into Q1. Professional services revenue saw an unexpected upside. Implementation timelines for major cloud migrations have shortened.', 'Geopolitical trade restrictions could indirectly affect our hardware partners. Higher energy and cloud data center costs could pressure margins. Growth continues at a stable pace despite broader macroeconomic caution.', 'The balance sheet remains unleveraged with strong liquidity.']"
ABC,2025-Q2,210,66,53,40,2.8,"
        Our SaaS migration is officially complete, driving higher recurring revenue.
        Net expansion rate among existing clients remains above 120%.
        Operational efficiences are manifesting across all units.
        ","
        Slowing down of tech spending in the financial sector might pose headwinds.
        Patent litigation costs could experience a minor uptick.
        ","
        Gross margins hit a record high due to software-heavy delivery streams.
        R&D efficiency gains allowed us to reinvest in market expansion.
        ","
        Our SaaS migration is officially complete, driving higher recurring revenue.
        Net expansion rate among existing clients remains above 120%.
        Operational efficiences are manifesting across all units.
         
        Slowing down of tech spending in the financial sector might pose headwinds.
        Patent litigation costs could experience a minor uptick.
         
        Gross margins hit a record high due to software-heavy delivery streams.
        R&D efficiency gains allowed us to reinvest in market expansion.
        ","Our SaaS migration is officially complete, driving higher recurring revenue. Net expansion rate among existing clients remains above 120%. Operational efficiences are manifesting across all units. Slowing down of tech spending in the financial sector might pose headwinds. Patent litigation costs could experience a minor uptick. Gross margins hit a record high due to softwareheavy delivery streams. RD efficiency gains allowed us to reinvest in market expansion.",464,"['Our SaaS migration is officially complete, driving higher recurring revenue.', 'Net expansion rate among existing clients remains above 120%.', 'Operational efficiences are manifesting across all units.', 'Slowing down of tech spending in the financial sector might pose headwinds.', 'Patent litigation costs could experience a minor uptick.', 'Gross margins hit a record high due to softwareheavy delivery streams.', 'RD efficiency gains allowed us to reinvest in market expansion.']","['Our SaaS migration is officially complete, driving higher recurring revenue. Net expansion rate among existing clients remains above 120%. Operational efficiences are manifesting across all units.', 'Slowing down of tech spending in the financial sector might pose headwinds. Patent litigation costs could experience a minor uptick. Gross margins hit a record high due to softwareheavy delivery streams.', 'RD efficiency gains allowed us to reinvest in market expansion.']"
ABC,2025-Q3,222,66,57,43,3.01,"
        APAC region performance exceeded our three-year growth roadmap.
        Enterprise tier clients are increasingly signing up for multi-product bundles.
        We remain comfortable with current consensus expectations.
        ","
        Volatile global currency markets could create translation headwind effects.
        Wage inflation in emerging tech hubs remains a point of focus.
        ","
        Operating profit increased significantly on a year-over-year basis.
        Working capital cycles optimized, yielding higher operating cash flow.
        ","
        APAC region performance exceeded our three-year growth roadmap.
        Enterprise tier clients are increasingly signing up for multi-product bundles.
        We remain comfortable with current consensus expectations.
         
        Volatile global currency markets could create translation headwind effects.
        Wage inflation in emerging tech hubs remains a point of focus.
         
        Operating profit increased significantly on a year-over-year basis.
        Working capital cycles optimized, yielding higher operating cash flow.
        ","APAC region performance exceeded our threeyear growth roadmap. Enterprise tier clients are increasingly signing up for multiproduct bundles. We remain comfortable with current consensus expectations. Volatile global currency markets could create translation headwind effects. Wage inflation in emerging tech hubs remains a point of focus. Operating profit increased significantly on a yearoveryear basis. Working capital cycles optimized, yielding higher operating cash flow.",475,"['APAC region performance exceeded our threeyear growth roadmap.', 'Enterprise tier clients are increasingly signing up for multiproduct bundles.', 'We remain comfortable with current consensus expectations.', 'Volatile global currency markets could create translation headwind effects.', 'Wage inflation in emerging tech hubs remains a point of focus.', 'Operating profit increased significantly on a yearoveryear basis.', 'Working capital cycles optimized, yielding higher operating cash flow.']","['APAC region performance exceeded our threeyear growth roadmap. Enterprise tier clients are increasingly signing up for multiproduct bundles. We remain comfortable with current consensus expectations.', 'Volatile global currency markets could create translation headwind effects. Wage inflation in emerging tech hubs remains a point of focus. Operating profit increased significantly on a yearoveryear basis.', 'Working capital cycles optimized, yielding higher operating cash flow.']"
ABC,2025-Q4,240,67,64,48,3.35,"
        A monumental year for ABC, closing out 2025 with stellar financial health.
        Our next-gen platform has fully captured the market vanguard.
        Guidance for 2026 will reflect our expanding market share.
        ","
        Aggressive counter-pricing by legacy competitors entering our niche.
        Integration complexities from upcoming strategic M&A maneuvers.
        ","
        Full year revenue cross-compared to 2023 demonstrates sustained compounding.
        Strong net income margins reflect high operating leverage across the business model.
        ","
        A monumental year for ABC, closing out 2025 with stellar financial health.
        Our next-gen platform has fully captured the market vanguard.
        Guidance for 2026 will reflect our expanding market share.
         
        Aggressive counter-pricing by legacy competitors entering our niche.
        Integration complexities from upcoming strategic M&A maneuvers.
         
        Full year revenue cross-compared to 2023 demonstrates sustained compounding.
        Strong net income margins reflect high operating leverage across the business model.
        ","A monumental year for ABC, closing out 2025 with stellar financial health. Our nextgen platform has fully captured the market vanguard. Guidance for 2026 will reflect our expanding market share. Aggressive counterpricing by legacy competitors entering our niche. Integration complexities from upcoming strategic MA maneuvers. Full year revenue crosscompared to 2023 demonstrates sustained compounding. Strong net income margins reflect high operating leverage across the business model.",486,"['A monumental year for ABC, closing out 2025 with stellar financial health.', 'Our nextgen platform has fully captured the market vanguard.', 'Guidance for 2026 will reflect our expanding market share.', 'Aggressive counterpricing by legacy competitors entering our niche.', 'Integration complexities from upcoming strategic MA maneuvers.', 'Full year revenue crosscompared to 2023 demonstrates sustained compounding.', 'Strong net income margins reflect high operating leverage across the business model.']","['A monumental year for ABC, closing out 2025 with stellar financial health. Our nextgen platform has fully captured the market vanguard. Guidance for 2026 will reflect our expanding market share.', 'Aggressive counterpricing by legacy competitors entering our niche. Integration complexities from upcoming strategic MA maneuvers. Full year revenue crosscompared to 2023 demonstrates sustained compounding.', 'Strong net income margins reflect high operating leverage across the business model.']"
